<?xml version="1.0" encoding="UTF-8"?>
<project-private xmlns="http://www.netbeans.org/ns/project-private/1">
    <editor-bookmarks xmlns="http://www.netbeans.org/ns/editor-bookmarks/2" lastBookmarkId="0"/>
    <open-files xmlns="http://www.netbeans.org/ns/projectui-open-files/2">
        <group>
            <file>file:/C:/Users/Maria%20Firdausiah/Documents/NetBeansProjects/GeneticAlgorithm/src/geneticalgorithm/City.java</file>
            <file>file:/C:/Users/Maria%20Firdausiah/Documents/NetBeansProjects/GeneticAlgorithm/src/geneticalgorithm/Population.java</file>
            <file>file:/C:/Users/Maria%20Firdausiah/Documents/NetBeansProjects/GeneticAlgorithm/src/geneticalgorithm/Algorithm.java</file>
            <file>file:/C:/Users/Maria%20Firdausiah/Documents/NetBeansProjects/GeneticAlgorithm/src/geneticalgorithm/GeneticAlgorithm.java</file>
            <file>file:/C:/Users/Maria%20Firdausiah/Documents/NetBeansProjects/GeneticAlgorithm/src/geneticalgorithm/Tour.java</file>
            <file>file:/C:/Users/Maria%20Firdausiah/Documents/NetBeansProjects/GeneticAlgorithm/src/geneticalgorithm/TourManager.java</file>
        </group>
    </open-files>
</project-private>
