<?xml version="1.0" encoding="UTF-8"?>
<project-private xmlns="http://www.netbeans.org/ns/project-private/1">
    <editor-bookmarks xmlns="http://www.netbeans.org/ns/editor-bookmarks/2" lastBookmarkId="0"/>
    <open-files xmlns="http://www.netbeans.org/ns/projectui-open-files/2">
        <group>
            <file>file:/C:/Users/Maria%20Firdausiah/Documents/NetBeansProjects/AntColony/src/Graph/Node.java</file>
            <file>file:/C:/Users/Maria%20Firdausiah/Documents/NetBeansProjects/AntColony/src/Graph/Vertex.java</file>
            <file>file:/C:/Users/Maria%20Firdausiah/Documents/NetBeansProjects/AntColony/src/Ants/TravelingSalesman.java</file>
            <file>file:/C:/Users/Maria%20Firdausiah/Documents/NetBeansProjects/AntColony/src/Graph/Graph.java</file>
            <file>file:/C:/Users/Maria%20Firdausiah/Documents/NetBeansProjects/AntColony/src/IO/Import.java</file>
            <file>file:/C:/Users/Maria%20Firdausiah/Documents/NetBeansProjects/AntColony/src/Graph/Edge.java</file>
            <file>file:/C:/Users/Maria%20Firdausiah/Documents/NetBeansProjects/AntColony/src/antcolony/AntColony.java</file>
            <file>file:/C:/Users/Maria%20Firdausiah/Documents/NetBeansProjects/AntColony/src/Ants/Ant.java</file>
        </group>
    </open-files>
</project-private>
